company,location,latitude,longitude,text,color,state
Altor Solutions,"Northbridge, MA",42.1514,-71.65,"Altor Solutions<br>Warehouse Location: Northbridge, Massachusetts",#f67088,MA
Altor Solutions,"Bloomsburg, PA",41.0025,-76.4581,"Altor Solutions<br>Warehouse Location: Bloomsburg, Pennsylvania",#f67088,PA
Altor Solutions,"Anderson, SC",34.5049,-82.6524,"Altor Solutions<br>Warehouse Location: Anderson, South Carolina",#f67088,SC
Altor Solutions,"Jefferson, GA",34.1267,-83.5903,"Altor Solutions<br>Warehouse Location: Jefferson, Georgia",#f67088,GA
Altor Solutions,"Gnadenhutten, OH",40.3608,-81.4317,"Altor Solutions<br>Warehouse Location: Gnadenhutten, Ohio",#f67088,OH
Altor Solutions,"New Albany, IN",38.3019,-85.8214,"Altor Solutions<br>Warehouse Location: New Albany, Indiana",#f67088,IN
Altor Solutions,"Jackson, TN",35.6144,-88.8178,"Altor Solutions<br>Warehouse Location: Jackson, Tennessee",#f67088,TN
Altor Solutions,"Plymouth, WI",43.7492,-87.9767,"Altor Solutions<br>Warehouse Location: Plymouth, Wisconsin",#f67088,WI
Altor Solutions,"Fort Madison, IA",40.6286,-91.3389,"Altor Solutions<br>Warehouse Location: Fort Madison, Iowa",#f67088,IA
Altor Solutions,"El Dorado Springs, MO",37.8708,-94.0211,"Altor Solutions<br>Warehouse Location: El Dorado Springs, Missouri",#f67088,MO
Altor Solutions,"Keller, TX",32.9275,-97.2361,"Altor Solutions<br>Warehouse Location: Keller, Texas",#f67088,TX
Altor Solutions,"Modesto, CA",37.6614,-120.9944,"Altor Solutions<br>Warehouse Location: Modesto, California",#f67088,CA
Altor Solutions,"Compton, CA",33.8967,-118.225,"Altor Solutions<br>Warehouse Location: Compton, California",#f67088,CA
Alleguard - Huntington,"Grove City, OH",39.8821935,-83.0935377,"Alleguard - Huntington<br>Warehouse Location: Grove City, OH",#f7736f,OH
Alleguard - Huntington,"Bastrop, TX",30.1104947,-97.3152701,"Alleguard - Huntington<br>Warehouse Location: Bastrop, TX",#f7736f,TX
Alleguard - Huntington,"Cave Spring , GA",34.1075975,-85.3363434,"Alleguard - Huntington<br>Warehouse Location: Cave Spring , GA",#f7736f,GA
Cellofoam,"Whiteland, IN",39.5500485,-86.0797079,"Cellofoam<br>Warehouse Location: Whiteland, IN",#f77546,IN
Cellofoam,"Sallisaw, OK",35.4603711,-94.7874463,"Cellofoam<br>Warehouse Location: Sallisaw, OK",#f77546,OK
Cellofoam,"Conyers, GA",33.6676103,-84.0176904,"Cellofoam<br>Warehouse Location: Conyers, GA",#f77546,GA
Cellofoam,"Gainesville, GA",34.2978794,-83.8240663,"Cellofoam<br>Warehouse Location: Gainesville, GA",#f77546,GA
Cellofoam,"Orlando, FL",28.5383832,-81.3789269,"Cellofoam<br>Warehouse Location: Orlando, FL",#f77546,FL
Cellofoam,"Fredericksburg, VA",38.3031837,-77.4605399,"Cellofoam<br>Warehouse Location: Fredericksburg, VA",#f77546,VA
Cellofoam,"Winchester, VA",39.1856597,-78.1633341,"Cellofoam<br>Warehouse Location: Winchester, VA",#f77546,VA
Modern Polymers,"Cherryville, NC",35.3789361,-81.3795737,"Modern Polymers<br>Warehouse Location: Cherryville, NC",#e88131,NC
EFP,"Reno, NV",39.529919,-119.8142691,"EFP<br>Warehouse Location: Reno, NV",#d78b31,NV
EFP,"Casa Granda, AZ",32.9110027,-111.7733902,"EFP<br>Warehouse Location: Casa Granda, AZ",#d78b31,AZ
EFP,"Evansville, IN",37.9715592,-87.5710898,"EFP<br>Warehouse Location: Evansville, IN",#d78b31,IN
EFP,"La vergne, TN",36.0156178,-86.5819394,"EFP<br>Warehouse Location: La vergne, TN",#d78b31,TN
EFP,"Decatur, AL",34.6059253,-86.9833417,"EFP<br>Warehouse Location: Decatur, AL",#d78b31,AL
EFP,"Bishopville, SC",34.2182107,-80.2484056,"EFP<br>Warehouse Location: Bishopville, SC",#d78b31,SC
Aptco,"McFarland, CA",35.6780104,-119.2292748,"Aptco<br>Warehouse Location: McFarland, CA",#c99131,CA
Tempo Precision Molded Foam,"Visalia, CA",36.3301329,-119.2966367,"Tempo Precision Molded Foam<br>Warehouse Location: Visalia, CA",#bd9731,CA
ACH Foam Technologies,"McKinney, TX",33.1983388,-96.6389342,"ACH Foam Technologies<br>Warehouse Location: McKinney, TX",#b29b31,TX
ACH Foam Technologies,"Westminster, CO",39.8366528,-105.0372046,"ACH Foam Technologies<br>Warehouse Location: Westminster, CO",#b29b31,CO
Atlas Molded Products,"Sylmar, CA",34.2994874,-118.4588292,"Atlas Molded Products<br>Warehouse Location: Sylmar, CA",#a69f31,CA
Atlas Molded Products,"Denver, CO",39.7392358,-104.990251,"Atlas Molded Products<br>Warehouse Location: Denver, CO",#a69f31,CO
Atlas Molded Products,"Murray, UT",40.6668916,-111.8879909,"Atlas Molded Products<br>Warehouse Location: Murray, UT",#a69f31,UT
Atlas Molded Products,"Reno, NV",39.529919,-119.8142691,"Atlas Molded Products<br>Warehouse Location: Reno, NV",#a69f31,NV
Atlas Molded Products,"Kingman, AZ",35.189443,-114.0530065,"Atlas Molded Products<br>Warehouse Location: Kingman, AZ",#a69f31,AZ
Atlas Molded Products,"E Arlington, TX",32.735687,-97.1080656,"Atlas Molded Products<br>Warehouse Location: E Arlington, TX",#a69f31,TX
Atlas Molded Products,"Byron Center, MI",42.8122508,-85.7228061,"Atlas Molded Products<br>Warehouse Location: Byron Center, MI",#a69f31,MI
Atlas Molded Products,"Fond du Lac, WI",43.7730448,-88.4470508,"Atlas Molded Products<br>Warehouse Location: Fond du Lac, WI",#a69f31,WI
Atlas Molded Products,"Fredericktown, MO",37.5597754,-90.2940069,"Atlas Molded Products<br>Warehouse Location: Fredericktown, MO",#a69f31,MO
Atlas Molded Products,"Kansas City, KS",39.1155314,-94.6267873,"Atlas Molded Products<br>Warehouse Location: Kansas City, KS",#a69f31,KS
Atlas Molded Products,"Perryville, MO",37.7242202,-89.8612196,"Atlas Molded Products<br>Warehouse Location: Perryville, MO",#a69f31,MO
Atlas Molded Products,"Washington, IA",41.3014077,-91.6916417,"Atlas Molded Products<br>Warehouse Location: Washington, IA",#a69f31,IA
Atlas Molded Products,"Gainesville, GA",34.2978794,-83.8240663,"Atlas Molded Products<br>Warehouse Location: Gainesville, GA",#a69f31,GA
Sonoco,"Ridgeway, VA",36.5768046,-79.8583721,"Sonoco<br>Warehouse Location: Ridgeway, VA",#9aa231,VA
Sonoco,"Findlay, OH",41.0391283,-83.6502309,"Sonoco<br>Warehouse Location: Findlay, OH",#9aa231,OH
Sonoco,"Owosso, MI",42.9978049,-84.1766358,"Sonoco<br>Warehouse Location: Owosso, MI",#9aa231,MI
Sonoco,"Tullahoma, TN",35.3620235,-86.2094342,"Sonoco<br>Warehouse Location: Tullahoma, TN",#9aa231,TN
Sonoco,"Mt. Pleasant, TN",35.5342414,-87.2069541,"Sonoco<br>Warehouse Location: Mt. Pleasant, TN",#9aa231,TN
Sonoco,"Shelbyville, KY",38.2120144,-85.2235666,"Sonoco<br>Warehouse Location: Shelbyville, KY",#9aa231,KY
Sonoco,"Colorado Springs, CO",38.8338816,-104.8213634,"Sonoco<br>Warehouse Location: Colorado Springs, CO",#9aa231,CO
Cold Keepers,"Mcfarland, CA",35.6780104,-119.2292748,"Cold Keepers<br>Warehouse Location: Mcfarland, CA",#8ba631,CA
Styrotech,"Thomasville, GA",30.8365815,-83.9787808,"Styrotech<br>Warehouse Location: Thomasville, GA",#79aa31,GA
OpCO,"Brooklyn Park, MN",45.0941315,-93.3563405,"OpCO<br>Warehouse Location: Brooklyn Park, MN",#5dae31,MN
Plastillite,"Latrobe, PA",40.3211808,-79.3794811,"Plastillite<br>Warehouse Location: Latrobe, PA",#31b241,PA
Houston Foam Plastics,"Omaha, NE",41.2565369,-95.9345034,"Houston Foam Plastics<br>Warehouse Location: Omaha, NE",#32b169,NE
Houston Foam Plastics,"Houston, TX",29.7600771,-95.3701108,"Houston Foam Plastics<br>Warehouse Location: Houston, TX",#32b169,TX
Imperial Foam & Insulation,"San Antonio, TX",29.4251905,-98.4945922,"Imperial Foam & Insulation<br>Warehouse Location: San Antonio, TX",#33af7d,TX
Marko Foam,"Ormond Beach, FL",29.2858129,-81.0558894,"Marko Foam<br>Warehouse Location: Ormond Beach, FL",#34ae8b,FL
Marko Foam,"Huntington Beach, CA",33.6594835,-117.9988026,"Marko Foam<br>Warehouse Location: Huntington Beach, CA",#34ae8b,CA
Michigan Foam,"Salt Lake City , UT",40.7607793,-111.8910474,"Michigan Foam<br>Warehouse Location: Salt Lake City , UT",#34ad96,UT
Pal Pac,"Wyoming, MI",42.9133602,-85.7053085,"Pal Pac<br>Warehouse Location: Wyoming, MI",#35ad9f,MI
Branch River Plastics,"Ottawa, OH",41.0192185,-84.0471666,"Branch River Plastics<br>Warehouse Location: Ottawa, OH",#35aca8,OH
FMI-EPS,"Smithfield, RI",41.9220496,-71.5495101,"FMI-EPS<br>Warehouse Location: Smithfield, RI",#36abb0,RI
Polar Central,"Post Falls, ID",47.7179578,-116.9515856,"Polar Central<br>Warehouse Location: Post Falls, ID",#37aab9,ID
Mister Packaging,"Prospect, CT",41.5023192,-72.9787163,"Mister Packaging<br>Warehouse Location: Prospect, CT",#37a9c3,CT
ThermaFoam,"Anaheim, CA",33.8365932,-117.9143012,"ThermaFoam<br>Warehouse Location: Anaheim, CA",#38a7ce,CA
Robin II,"Hillsboro, TX",32.0109886,-97.1300061,"Robin II<br>Warehouse Location: Hillsboro, TX",#3aa5de,TX
Foam Pack Industries,"Markesan, WI",43.7072047,-88.9901122,"Foam Pack Industries<br>Warehouse Location: Markesan, WI",#3ea1f4,WI
Clyde Tool & Die,"Springfield, NJ",40.7016937,-74.3222146,"Clyde Tool & Die<br>Warehouse Location: Springfield, NJ",#7299f4,NJ
DiversiFoam Products,"Clyde, OH",41.3042201,-82.975192,"DiversiFoam Products<br>Warehouse Location: Clyde, OH",#9192f4,OH
Beaver Plastics,"Rockford, MN",45.0872861,-93.7415093,"Beaver Plastics<br>Warehouse Location: Rockford, MN",#a98af4,MN
Aqua-Pak Industries Ltd,"Watertown, SD",44.8994088,-97.1150732,"Aqua-Pak Industries Ltd<br>Warehouse Location: Watertown, SD",#bf80f4,SD
Creative Packaging,"Shelbyville, KY",38.2120144,-85.2235666,"Creative Packaging<br>Warehouse Location: Shelbyville, KY",#d474f4,KY
Creative Packaging,"Vineland, NJ",39.4863773,-75.0259637,"Creative Packaging<br>Warehouse Location: Vineland, NJ",#d474f4,NJ
Creative Packaging,"Unadilla, GA",32.2617127,-83.7365798,"Creative Packaging<br>Warehouse Location: Unadilla, GA",#d474f4,GA
Creative Packaging,"Chicago, IL",41.8781136,-87.6297982,"Creative Packaging<br>Warehouse Location: Chicago, IL",#d474f4,IL
Creative Packaging,"Ft. Worth, TX",32.7554883,-97.3307658,"Creative Packaging<br>Warehouse Location: Ft. Worth, TX",#d474f4,TX
Custom Pack,"Phoenix, AZ",33.4483771,-112.0740373,"Custom Pack<br>Warehouse Location: Phoenix, AZ",#eb63f4,AZ
Insulated Products Corp (IPC),"Eaton, PA",41.5114731,-75.9695465,"Insulated Products Corp (IPC)<br>Warehouse Location: Eaton, PA",#f45fe5,PA
Magna LoBoy,"Los Angeles, CA",34.0549076,-118.242643,"Magna LoBoy<br>Warehouse Location: Los Angeles, CA",#f564d1,CA
Speedling,"Fort Walton, FL",30.4200708,-86.6170308,"Speedling<br>Warehouse Location: Fort Walton, FL",#f567c0,FL
Insulfoam LLC,"Sun City, FL",27.678254,-82.4787384,"Insulfoam LLC<br>Warehouse Location: Sun City, FL",#f66aaf,FL
Insulfoam LLC,"Tacoma, WA",47.2528768,-122.4442906,"Insulfoam LLC<br>Warehouse Location: Tacoma, WA",#f66aaf,WA
Insulfoam LLC,"Anchorage, AK",61.2175758,-149.8996785,"Insulfoam LLC<br>Warehouse Location: Anchorage, AK",#f66aaf,AK
Insulfoam LLC,"Kent, WA",47.3830671,-122.234771,"Insulfoam LLC<br>Warehouse Location: Kent, WA",#f66aaf,WA
Insulfoam LLC,"Dixon, CA",38.4454641,-121.8232958,"Insulfoam LLC<br>Warehouse Location: Dixon, CA",#f66aaf,CA
Insulfoam LLC,"Chino, CA",34.0122346,-117.688944,"Insulfoam LLC<br>Warehouse Location: Chino, CA",#f66aaf,CA
Insulfoam LLC,"Salt Lake City, UT",40.7607793,-111.8910474,"Insulfoam LLC<br>Warehouse Location: Salt Lake City, UT",#f66aaf,UT
Insulfoam LLC,"Phoenix, AZ",33.4483771,-112.0740373,"Insulfoam LLC<br>Warehouse Location: Phoenix, AZ",#f66aaf,AZ
Insulfoam LLC,"Aurora, CO",39.7294319,-104.8319195,"Insulfoam LLC<br>Warehouse Location: Aurora, CO",#f66aaf,CO
Insulfoam LLC,"Mead, NE",41.2286493,-96.489212,"Insulfoam LLC<br>Warehouse Location: Mead, NE",#f66aaf,NE
Insulfoam LLC,"Lakeland, FL",28.0394654,-81.9498042,"Insulfoam LLC<br>Warehouse Location: Lakeland, FL",#f66aaf,FL
Alleguard - Huntington,"Greer, SC",34.9387279,-82.2270568,"Alleguard - Huntington<br>Warehouse Location: Greer, SC",#f7736f,SC
Alleguard - Huntington,"Greenville, MI",43.1775314,-85.2527987,"Alleguard - Huntington<br>Warehouse Location: Greenville, MI",#f7736f,MI
Alleguard - Huntington,"Radford, VA",37.1317924,-80.5764477,"Alleguard - Huntington<br>Warehouse Location: Radford, VA",#f7736f,VA
Alleguard - Huntington,"West Brookfield, MA",42.2353463,-72.1411642,"Alleguard - Huntington<br>Warehouse Location: West Brookfield, MA",#f7736f,MA
Alleguard - Huntington,"Monticello, AR",33.6296702,-91.8021856,"Alleguard - Huntington<br>Warehouse Location: Monticello, AR",#f7736f,AR
Armstrong Brands,"Buffalo, NY",42.8864468,-78.8783689,"Armstrong Brands<br>Warehouse Location: Buffalo, NY",#f66d9e,NY
EFP,"Elkhart, IN",41.6873832,-85.973517,"EFP<br>Warehouse Location: Elkhart, IN",#d78b31,IN
